<?xml version='1.0' encoding='UTF-8' ?>
<timeLogEntries>
  <time id="1" path="/Ti2/PSP0/Code" start="@1604607130118" delta="498" />
  <time id="2" path="/Ti2/PSP0/Code" start="@1604744605059" delta="117" />
  <time id="3" path="/Ti2/PSP0/Code" start="@1604751991757" delta="60" />
  <time id="4" path="/Gmaps/PSP0/Planning" start="@1613837475387" delta="64" comment="Leer el enunciado" />
  <time id="5" path="/Gmaps/PSP0/Design" start="@1613841298771" delta="21" comment="Diseño de clases del modelo" />
  <time id="6" path="/Gmaps/PSP0/Design" start="@1613843468293" delta="190" comment="Diseño de clases del modelo" />
  <time id="7" path="/Gmaps/PSP0/Code" start="@1613854893963" delta="69" comment="Esqueleto del modelo" />
  <time id="8" path="/Gmaps/PSP0/Code" start="@1613926939198" delta="129" comment="Implementacion del modelo y clases Filter" />
  <time id="9" path="/Gmaps/PSP0/Code" start="@1613934707569" delta="45" comment="Integración del modelo con la clase Controller" />
  <time id="10" path="/Gmaps/PSP0/Design" start="@1613937384460" delta="38" comment="Modificación del Método de la ingeniería. Requerimientos funcionales" />
  <time id="11" path="/Gmaps/PSP0/Design" start="@1613939678002" delta="207" comment="Diagrama de Objetos" />
</timeLogEntries>
