<?xml version='1.0' encoding='UTF-8' ?>
<timeLogEntries>
  <time id="1" path="/Bank-manager/PSP0/Code" start="@1600793824272" delta="93" />
  <time id="2" path="/Bank-manager/PSP0/Code" start="@1600834552503" delta="26" />
  <time id="3" path="/Bank-manager/PSP0/Design" start="@1601337787193" delta="208" />
  <time id="4" path="/Bank-manager/PSP0/Planning" start="@1601491945650" delta="171" />
  <time id="5" path="/Bank-manager/PSP0/Design" start="@1601516551614" delta="51" />
  <time id="6" path="/Bank-manager/PSP0/Test" start="@1601525541678" delta="32" />
  <time id="7" path="/crud-balanced-bst/PSP0/Code" start="@1604606801446" delta="243" />
  <time id="8" path="/crud-balanced-bst/PSP0/Code" start="@1604629252581" delta="129" />
  <time id="9" path="/crud-balanced-bst/PSP0/Design" start="@1604720854011" delta="3" />
  <time id="10" path="/crud-balanced-bst/PSP0/Design" start="@1604721034043" delta="77" />
  <time id="11" path="/gmaps-solution/PSP0/Planning" start="@1613769754010" delta="23" comment="Program solution thinking" />
  <time id="12" path="/gmaps-solution/PSP0/Planning" start="@1613781953754" delta="53" comment="Program solution design" />
  <time id="13" path="/gmaps-solution/PSP0/Code" start="@1613887629456" delta="68" comment="GMap and marks implementation" />
  <time id="14" path="/gmaps-solution/PSP0/Code" start="@1613932879467" delta="294" comment="Charts implementation" />
  <time id="15" path="/gmaps-solution/PSP0/Design" start="@1613954283150" delta="47" comment="GMap form design" />
</timeLogEntries>
