<?xml version='1.0' encoding='UTF-8' ?>
<timeLogEntries>
  <time id="1" path="/terrorism-gtd-analysis/PSP0/Design" start="@1613833434000" delta="4232" comment="UI Design: Mockups" />
  <time id="2" path="/terrorism-gtd-analysis/PSP0/Design" start="@1613847979000" delta="7235" comment="System design. Classes diagram: fatures functionality planning with MVC pattern" />
  <time id="3" path="/terrorism-gtd-analysis/PSP0/Planning" start="@1613770246000" delta="3600" comment="DB selection and wrangling" />
  <time id="4" path="/terrorism-gtd-analysis/PSP0/Code" start="@1613855390000" delta="7354" comment="Basic UI implementation and file loading functionality" />
  <time id="5" path="/terrorism-gtd-analysis/PSP0/Code" start="@1613862639000" delta="14631" comment="UI customization and functionality" />
  <time id="6" path="/terrorism-gtd-analysis/PSP0/Code" start="@1613884370000" delta="7492" comment="Gmaps feature integration " />
  <time id="7" path="/terrorism-gtd-analysis/PSP0/Code" start="@1613920416000" delta="14580" comment="Peer review and featujres integraton" />
  <time id="8" path="/terrorism-gtd-analysis/PSP0/Code" start="@1613934954000" delta="561" interrupt="6" comment="Integrating Filters feature into UI and Controller" />
  <time id="9" path="/terrorism-gtd-analysis/PSP0/Code" start="@1613999355072" delta="361" />
  <time id="10" path="/terrorism-gtd-analysis/PSP0/Code" start="@1614323434324" delta="757" />
</timeLogEntries>
